estimator,Mean mse,npm
IPNLMS_2048_0.1,0.11407809901336916,49.64455404175299
