estimator,Mean mse,npm
IPNLMS_2048_0.1,0.11248390210352283,49.63975969952927
